,country_region_code,country_region,sub_region_1,sub_region_1_code,sub_region_2,sub_region_2_code,place_id,date,symptom:Ageusia,symptom:Anosmia,symptom:Chest pain,symptom:Chills,symptom:Cough,symptom:Diarrhea,symptom:Fatigue,symptom:Fever,symptom:Headache,symptom:Migraine,symptom:Nasal congestion,symptom:Nausea,symptom:Pneumonia,symptom:Shortness of breath,symptom:Sore throat,symptom:Vomiting,newCasesBySpecimenDate
0,GB,United Kingdom,Portsmouth,GB-POR,,,ChIJ5yrWSmhddEgRwJ7toi2uDgM,2021-01-01,,,2.75,,6.1,5.0,6.69,5.68,6.49,5.57,2.31,3.32,1.43,1.01,2.39,4.05,88
1,GB,United Kingdom,Portsmouth,GB-POR,,,ChIJ5yrWSmhddEgRwJ7toi2uDgM,2021-01-02,,,2.63,,5.18,4.64,6.46,5.04,6.27,5.4,2.17,2.55,1.06,1.25,2.31,3.23,182
2,GB,United Kingdom,Portsmouth,GB-POR,,,ChIJ5yrWSmhddEgRwJ7toi2uDgM,2021-01-03,,,2.42,,4.68,4.76,7.28,5.97,6.02,4.81,1.89,3.08,1.47,1.71,2.34,3.23,166
3,GB,United Kingdom,Portsmouth,GB-POR,,,ChIJ5yrWSmhddEgRwJ7toi2uDgM,2021-01-04,,,2.88,,5.01,3.9,6.43,5.41,4.7,4.51,1.47,2.1,1.49,1.21,1.94,2.81,225
4,GB,United Kingdom,Portsmouth,GB-POR,,,ChIJ5yrWSmhddEgRwJ7toi2uDgM,2021-01-05,,,2.25,,5.68,3.93,6.84,5.23,6.32,6.18,1.78,2.35,1.47,1.35,1.78,3.13,248
5,GB,United Kingdom,Portsmouth,GB-POR,,,ChIJ5yrWSmhddEgRwJ7toi2uDgM,2021-01-06,,,2.76,,5.91,4.66,6.2,5.23,5.44,5.18,1.41,2.26,1.25,1.3,1.89,2.69,212
6,GB,United Kingdom,Portsmouth,GB-POR,,,ChIJ5yrWSmhddEgRwJ7toi2uDgM,2021-01-07,,,2.18,,5.81,4.05,5.88,4.36,5.1,5.1,1.52,2.06,1.21,1.16,2.16,2.65,193
7,GB,United Kingdom,Portsmouth,GB-POR,,,ChIJ5yrWSmhddEgRwJ7toi2uDgM,2021-01-08,,,1.69,,5.55,3.99,6.0,5.05,4.98,4.98,1.4,1.71,1.4,1.28,1.92,2.94,174
8,GB,United Kingdom,Portsmouth,GB-POR,,,ChIJ5yrWSmhddEgRwJ7toi2uDgM,2021-01-09,,,2.26,,5.67,4.21,5.43,4.63,5.83,5.75,1.92,2.13,0.94,1.53,1.3,2.6,190
9,GB,United Kingdom,Portsmouth,GB-POR,,,ChIJ5yrWSmhddEgRwJ7toi2uDgM,2021-01-10,,,2.46,,4.65,4.34,7.49,5.26,5.61,5.74,2.03,2.13,1.17,1.19,1.5,3.63,147
10,GB,United Kingdom,Portsmouth,GB-POR,,,ChIJ5yrWSmhddEgRwJ7toi2uDgM,2021-01-11,,,2.27,,5.98,4.63,6.87,6.21,4.81,4.86,1.47,2.7,1.19,1.12,2.06,3.62,304
11,GB,United Kingdom,Portsmouth,GB-POR,,,ChIJ5yrWSmhddEgRwJ7toi2uDgM,2021-01-12,,,2.46,,5.25,4.21,7.81,5.16,5.64,5.69,1.31,2.99,1.38,1.68,2.21,3.55,197
12,GB,United Kingdom,Portsmouth,GB-POR,,,ChIJ5yrWSmhddEgRwJ7toi2uDgM,2021-01-13,,,2.46,,5.39,4.19,8.02,5.28,5.18,4.95,1.68,2.67,1.71,1.64,2.05,2.93,184
13,GB,United Kingdom,Portsmouth,GB-POR,,,ChIJ5yrWSmhddEgRwJ7toi2uDgM,2021-01-14,,,2.39,,4.18,4.52,7.41,5.12,5.85,5.88,1.06,2.18,1.38,1.35,1.74,3.01,150
14,GB,United Kingdom,Portsmouth,GB-POR,,,ChIJ5yrWSmhddEgRwJ7toi2uDgM,2021-01-15,,,2.3,,4.51,4.34,6.76,4.68,4.65,4.96,1.57,1.73,1.21,0.97,1.8,2.47,114
15,GB,United Kingdom,Portsmouth,GB-POR,,,ChIJ5yrWSmhddEgRwJ7toi2uDgM,2021-01-16,,,2.2,,5.14,4.09,6.93,5.07,6.04,5.35,1.66,2.02,0.69,0.84,2.15,3.71,143
16,GB,United Kingdom,Portsmouth,GB-POR,,,ChIJ5yrWSmhddEgRwJ7toi2uDgM,2021-01-17,,,2.1,,5.0,4.41,6.59,5.49,6.13,6.59,1.69,2.64,1.03,1.41,1.61,2.92,123
17,GB,United Kingdom,Portsmouth,GB-POR,,,ChIJ5yrWSmhddEgRwJ7toi2uDgM,2021-01-18,,,2.2,,5.26,4.31,8.13,4.82,5.33,5.33,1.46,2.71,1.23,1.67,2.02,3.52,169
18,GB,United Kingdom,Portsmouth,GB-POR,,,ChIJ5yrWSmhddEgRwJ7toi2uDgM,2021-01-19,,,2.44,,4.53,5.15,7.57,5.31,5.63,5.29,1.08,2.09,0.85,1.4,1.82,2.9,146
19,GB,United Kingdom,Portsmouth,GB-POR,,,ChIJ5yrWSmhddEgRwJ7toi2uDgM,2021-01-20,,,2.67,,5.15,5.28,7.42,4.96,4.6,4.62,1.16,2.64,1.44,1.37,2.0,3.12,131
20,GB,United Kingdom,Portsmouth,GB-POR,,,ChIJ5yrWSmhddEgRwJ7toi2uDgM,2021-01-21,,,2.62,,4.74,4.72,7.94,5.67,5.16,5.14,1.45,2.29,1.26,1.33,1.94,2.99,144
21,GB,United Kingdom,Portsmouth,GB-POR,,,ChIJ5yrWSmhddEgRwJ7toi2uDgM,2021-01-22,,,2.09,,4.57,4.79,7.13,5.55,5.05,5.24,1.33,2.09,0.95,1.21,1.97,2.61,138
22,GB,United Kingdom,Portsmouth,GB-POR,,,ChIJ5yrWSmhddEgRwJ7toi2uDgM,2021-01-23,,,2.02,,5.06,4.19,7.11,4.73,5.83,5.42,1.51,1.97,0.89,1.33,1.48,3.19,104
23,GB,United Kingdom,Portsmouth,GB-POR,,,ChIJ5yrWSmhddEgRwJ7toi2uDgM,2021-01-24,,,2.01,,4.63,4.71,6.8,5.12,5.45,5.24,1.68,2.5,0.86,1.58,1.58,3.44,84
24,GB,United Kingdom,Portsmouth,GB-POR,,,ChIJ5yrWSmhddEgRwJ7toi2uDgM,2021-01-25,,,2.08,,4.76,4.76,6.97,4.62,5.76,6.04,1.51,2.52,1.26,0.86,1.61,3.15,130
25,GB,United Kingdom,Portsmouth,GB-POR,,,ChIJ5yrWSmhddEgRwJ7toi2uDgM,2021-01-26,,,1.82,,4.82,4.25,7.5,5.1,5.65,5.63,1.43,2.08,1.18,1.06,2.15,2.93,112
26,GB,United Kingdom,Portsmouth,GB-POR,,,ChIJ5yrWSmhddEgRwJ7toi2uDgM,2021-01-27,,,2.23,,4.44,4.69,7.76,4.62,5.97,6.11,1.32,2.56,0.86,1.39,1.53,3.11,88
27,GB,United Kingdom,Portsmouth,GB-POR,,,ChIJ5yrWSmhddEgRwJ7toi2uDgM,2021-01-28,,,2.05,,4.66,4.03,7.19,4.58,5.4,5.35,1.12,2.07,1.02,1.37,2.1,2.93,91
28,GB,United Kingdom,Portsmouth,GB-POR,,,ChIJ5yrWSmhddEgRwJ7toi2uDgM,2021-01-29,,,2.64,,4.53,3.59,6.94,3.45,4.86,5.22,1.39,2.05,1.04,1.09,1.68,2.48,68
29,GB,United Kingdom,Portsmouth,GB-POR,,,ChIJ5yrWSmhddEgRwJ7toi2uDgM,2021-01-30,,,2.81,,4.18,4.18,6.46,3.95,5.42,5.09,1.7,2.28,0.94,1.09,2.05,3.29,88
30,GB,United Kingdom,Portsmouth,GB-POR,,,ChIJ5yrWSmhddEgRwJ7toi2uDgM,2021-01-31,,,2.0,,5.23,4.4,7.08,3.69,5.76,4.98,1.39,2.78,1.79,1.62,1.36,3.16,46
31,GB,United Kingdom,Portsmouth,GB-POR,,,ChIJ5yrWSmhddEgRwJ7toi2uDgM,2021-02-01,,,1.78,,4.8,4.92,7.88,4.07,5.47,5.06,1.87,2.12,1.5,1.09,2.4,2.96,87
32,GB,United Kingdom,Portsmouth,GB-POR,,,ChIJ5yrWSmhddEgRwJ7toi2uDgM,2021-02-02,,,2.13,,5.22,4.48,7.26,3.92,5.29,5.34,1.44,2.25,2.18,1.28,2.04,2.88,82
33,GB,United Kingdom,Portsmouth,GB-POR,,,ChIJ5yrWSmhddEgRwJ7toi2uDgM,2021-02-03,,,2.5,,4.71,4.43,7.56,3.94,5.2,4.95,1.21,2.29,1.54,1.19,1.73,2.5,60
34,GB,United Kingdom,Portsmouth,GB-POR,,,ChIJ5yrWSmhddEgRwJ7toi2uDgM,2021-02-04,,,2.24,,4.22,4.62,7.14,4.46,4.76,4.48,1.03,1.94,1.28,0.93,1.94,2.85,66
35,GB,United Kingdom,Portsmouth,GB-POR,,,ChIJ5yrWSmhddEgRwJ7toi2uDgM,2021-02-05,,,1.94,,4.62,4.38,6.92,3.38,5.51,5.7,1.2,2.3,1.44,1.22,1.39,2.54,68
36,GB,United Kingdom,Portsmouth,GB-POR,,,ChIJ5yrWSmhddEgRwJ7toi2uDgM,2021-02-06,,,2.39,,4.76,4.26,6.16,3.82,6.14,5.59,1.25,2.37,1.2,1.04,1.43,3.3,28
37,GB,United Kingdom,Portsmouth,GB-POR,,,ChIJ5yrWSmhddEgRwJ7toi2uDgM,2021-02-07,,,2.28,,4.23,4.03,6.94,3.67,5.21,4.4,1.42,2.2,0.94,1.14,1.65,3.06,34
38,GB,United Kingdom,Portsmouth,GB-POR,,,ChIJ5yrWSmhddEgRwJ7toi2uDgM,2021-02-08,,,2.39,,4.06,4.18,7.43,3.9,5.04,5.18,1.44,2.21,0.93,0.97,1.74,3.06,53
39,GB,United Kingdom,Portsmouth,GB-POR,,,ChIJ5yrWSmhddEgRwJ7toi2uDgM,2021-02-09,,,1.81,,3.89,4.77,7.46,4.17,5.03,4.79,0.79,2.34,1.0,1.2,1.83,2.83,56
40,GB,United Kingdom,Portsmouth,GB-POR,,,ChIJ5yrWSmhddEgRwJ7toi2uDgM,2021-02-10,,,1.92,,4.3,4.6,6.73,3.55,4.88,5.23,1.12,2.41,1.28,1.19,1.61,3.04,53
41,GB,United Kingdom,Portsmouth,GB-POR,,,ChIJ5yrWSmhddEgRwJ7toi2uDgM,2021-02-11,,,1.89,,4.49,4.23,6.52,4.02,4.77,4.67,1.68,1.87,0.68,1.31,1.99,2.69,51
42,GB,United Kingdom,Portsmouth,GB-POR,,,ChIJ5yrWSmhddEgRwJ7toi2uDgM,2021-02-12,,,1.69,,4.06,3.4,6.11,4.01,4.61,4.54,1.47,2.29,1.06,0.97,1.52,2.63,41
43,GB,United Kingdom,Portsmouth,GB-POR,,,ChIJ5yrWSmhddEgRwJ7toi2uDgM,2021-02-13,,,1.71,,3.62,3.86,5.64,3.54,4.52,4.75,1.65,2.49,1.42,0.81,1.13,3.23,33
44,GB,United Kingdom,Portsmouth,GB-POR,,,ChIJ5yrWSmhddEgRwJ7toi2uDgM,2021-02-14,,,2.58,,3.53,4.32,7.25,3.64,4.77,4.48,1.71,2.64,0.82,1.0,2.06,3.45,30
45,GB,United Kingdom,Portsmouth,GB-POR,,,ChIJ5yrWSmhddEgRwJ7toi2uDgM,2021-02-15,,,2.03,,4.8,4.84,7.29,4.28,5.8,5.19,1.47,2.45,0.98,1.49,1.66,2.96,39
46,GB,United Kingdom,Portsmouth,GB-POR,,,ChIJ5yrWSmhddEgRwJ7toi2uDgM,2021-02-16,,,2.04,,4.13,4.75,7.82,3.86,5.83,5.4,0.89,2.64,1.08,1.27,1.7,3.84,44
47,GB,United Kingdom,Portsmouth,GB-POR,,,ChIJ5yrWSmhddEgRwJ7toi2uDgM,2021-02-17,,,2.36,,4.57,4.64,7.82,3.44,5.24,5.87,1.47,2.0,0.62,0.87,1.78,3.1,30
48,GB,United Kingdom,Portsmouth,GB-POR,,,ChIJ5yrWSmhddEgRwJ7toi2uDgM,2021-02-18,,,2.1,,3.55,3.92,8.07,4.11,5.85,5.6,1.25,2.06,1.12,1.25,1.69,2.98,44
49,GB,United Kingdom,Portsmouth,GB-POR,,,ChIJ5yrWSmhddEgRwJ7toi2uDgM,2021-02-19,,,2.26,,3.66,4.74,7.25,4.05,5.6,5.41,1.16,1.92,0.98,1.55,1.77,2.78,45
50,GB,United Kingdom,Portsmouth,GB-POR,,,ChIJ5yrWSmhddEgRwJ7toi2uDgM,2021-02-20,,,2.23,,3.81,5.06,6.83,4.05,5.97,5.79,1.32,2.96,1.01,1.09,1.61,3.89,31
51,GB,United Kingdom,Portsmouth,GB-POR,,,ChIJ5yrWSmhddEgRwJ7toi2uDgM,2021-02-21,,,2.08,,3.9,5.25,7.35,4.28,5.84,5.32,1.38,2.26,0.94,1.35,2.08,3.17,25
52,GB,United Kingdom,Portsmouth,GB-POR,,,ChIJ5yrWSmhddEgRwJ7toi2uDgM,2021-02-22,,,1.4,,3.83,4.26,7.54,3.75,5.66,5.19,1.49,2.35,0.9,1.06,1.78,3.36,34
53,GB,United Kingdom,Portsmouth,GB-POR,,,ChIJ5yrWSmhddEgRwJ7toi2uDgM,2021-02-23,,,1.86,,3.82,4.67,6.7,4.14,5.5,5.66,1.29,2.05,0.81,0.88,1.5,2.79,40
54,GB,United Kingdom,Portsmouth,GB-POR,,,ChIJ5yrWSmhddEgRwJ7toi2uDgM,2021-02-24,,,2.06,,3.46,4.53,8.45,3.78,5.75,5.5,1.05,3.0,1.17,0.85,1.51,3.14,23
55,GB,United Kingdom,Portsmouth,GB-POR,,,ChIJ5yrWSmhddEgRwJ7toi2uDgM,2021-02-25,,,2.05,,3.63,4.15,7.62,4.11,5.25,5.02,1.46,2.17,1.28,1.25,1.48,2.74,24
56,GB,United Kingdom,Portsmouth,GB-POR,,,ChIJ5yrWSmhddEgRwJ7toi2uDgM,2021-02-26,,,2.15,,3.16,3.62,6.42,3.02,5.26,4.87,0.87,2.27,0.6,1.33,1.25,3.3,20
57,GB,United Kingdom,Portsmouth,GB-POR,,,ChIJ5yrWSmhddEgRwJ7toi2uDgM,2021-02-27,,,1.88,,3.83,4.55,6.32,3.4,6.13,6.35,1.29,2.49,,1.1,1.45,3.05,16
58,GB,United Kingdom,Portsmouth,GB-POR,,,ChIJ5yrWSmhddEgRwJ7toi2uDgM,2021-02-28,,,1.98,,3.57,4.63,7.29,3.05,4.97,4.29,1.74,2.24,0.65,0.83,1.48,3.59,16
59,GB,United Kingdom,Portsmouth,GB-POR,,,ChIJ5yrWSmhddEgRwJ7toi2uDgM,2021-03-01,,,2.05,,3.69,4.53,7.21,3.2,4.78,4.74,1.1,1.87,0.63,1.12,2.15,2.66,9
60,GB,United Kingdom,Portsmouth,GB-POR,,,ChIJ5yrWSmhddEgRwJ7toi2uDgM,2021-03-02,,,1.26,,3.52,4.81,7.37,3.03,5.48,4.76,1.42,1.94,0.96,1.28,1.4,2.96,16
61,GB,United Kingdom,Portsmouth,GB-POR,,,ChIJ5yrWSmhddEgRwJ7toi2uDgM,2021-03-03,,,1.8,,3.54,4.34,7.54,3.43,4.84,5.07,1.07,2.03,0.82,1.3,1.62,2.38,10
62,GB,United Kingdom,Portsmouth,GB-POR,,,ChIJ5yrWSmhddEgRwJ7toi2uDgM,2021-03-04,,,1.91,,4.14,4.73,6.89,3.79,4.98,5.77,1.12,2.38,1.19,0.6,1.35,3.14,25
63,GB,United Kingdom,Portsmouth,GB-POR,,,ChIJ5yrWSmhddEgRwJ7toi2uDgM,2021-03-05,,,1.58,,3.88,3.42,7.26,4.17,4.95,4.85,1.33,1.77,0.78,0.68,1.68,3.15,23
64,GB,United Kingdom,Portsmouth,GB-POR,,,ChIJ5yrWSmhddEgRwJ7toi2uDgM,2021-03-06,,,1.85,,3.32,4.43,6.2,3.51,5.51,5.72,1.37,2.11,,1.13,1.69,2.88,27
65,GB,United Kingdom,Portsmouth,GB-POR,,,ChIJ5yrWSmhddEgRwJ7toi2uDgM,2021-03-07,,,2.26,,4.18,3.61,6.64,3.48,4.96,4.72,0.8,1.76,0.99,0.83,1.61,3.09,18
66,GB,United Kingdom,Portsmouth,GB-POR,,,ChIJ5yrWSmhddEgRwJ7toi2uDgM,2021-03-08,,,1.66,,3.68,4.53,6.98,3.54,5.13,5.73,1.42,2.53,1.35,1.08,1.59,3.47,10
67,GB,United Kingdom,Portsmouth,GB-POR,,,ChIJ5yrWSmhddEgRwJ7toi2uDgM,2021-03-09,,,1.89,,3.7,4.15,6.68,3.22,4.61,4.87,1.29,2.36,0.95,1.05,1.77,2.77,14
68,GB,United Kingdom,Portsmouth,GB-POR,,,ChIJ5yrWSmhddEgRwJ7toi2uDgM,2021-03-10,,,2.44,,3.86,4.68,7.05,3.05,5.38,6.14,1.4,2.05,,1.07,1.63,2.84,12
69,GB,United Kingdom,Portsmouth,GB-POR,,,ChIJ5yrWSmhddEgRwJ7toi2uDgM,2021-03-11,,,2.0,,3.58,3.91,7.02,3.42,4.85,5.23,1.34,1.84,,0.8,1.34,2.66,20
70,GB,United Kingdom,Portsmouth,GB-POR,,,ChIJ5yrWSmhddEgRwJ7toi2uDgM,2021-03-12,,,1.94,,3.45,5.0,6.7,3.98,4.1,4.68,1.12,2.55,0.9,,1.75,3.54,9
71,GB,United Kingdom,Portsmouth,GB-POR,,,ChIJ5yrWSmhddEgRwJ7toi2uDgM,2021-03-13,,,1.58,,3.19,4.38,6.49,3.4,4.64,4.23,1.38,2.67,,0.57,1.79,3.53,6
72,GB,United Kingdom,Portsmouth,GB-POR,,,ChIJ5yrWSmhddEgRwJ7toi2uDgM,2021-03-14,,,1.95,,4.43,3.71,6.91,3.87,4.32,4.19,1.81,2.8,,1.23,2.16,3.39,14
73,GB,United Kingdom,Portsmouth,GB-POR,,,ChIJ5yrWSmhddEgRwJ7toi2uDgM,2021-03-15,,,1.93,,4.61,4.51,7.72,3.33,6.03,6.03,1.67,2.51,0.68,1.06,2.12,3.19,15
74,GB,United Kingdom,Portsmouth,GB-POR,,,ChIJ5yrWSmhddEgRwJ7toi2uDgM,2021-03-16,,,1.67,,3.74,5.02,8.72,3.67,6.88,5.87,1.45,2.03,0.97,0.8,2.0,3.58,10
75,GB,United Kingdom,Portsmouth,GB-POR,,,ChIJ5yrWSmhddEgRwJ7toi2uDgM,2021-03-17,,,2.17,,4.71,4.1,7.53,3.26,5.55,6.06,1.64,2.12,0.68,1.06,1.16,2.61,23
76,GB,United Kingdom,Portsmouth,GB-POR,,,ChIJ5yrWSmhddEgRwJ7toi2uDgM,2021-03-18,,,1.92,,4.82,4.96,7.46,4.32,5.34,5.37,1.73,2.4,0.81,0.71,1.54,2.92,15
77,GB,United Kingdom,Portsmouth,GB-POR,,,ChIJ5yrWSmhddEgRwJ7toi2uDgM,2021-03-19,,,1.6,,4.58,4.26,7.26,4.14,4.68,4.78,1.55,2.58,0.86,1.4,1.75,2.56,11
78,GB,United Kingdom,Portsmouth,GB-POR,,,ChIJ5yrWSmhddEgRwJ7toi2uDgM,2021-03-20,,,1.34,,4.07,4.81,7.74,3.78,5.4,5.07,1.57,2.16,1.05,0.54,1.88,2.78,9
79,GB,United Kingdom,Portsmouth,GB-POR,,,ChIJ5yrWSmhddEgRwJ7toi2uDgM,2021-03-21,,,2.13,,4.82,4.41,6.9,4.64,5.9,4.72,1.95,2.13,0.59,1.21,2.67,3.21,13
80,GB,United Kingdom,Portsmouth,GB-POR,,,ChIJ5yrWSmhddEgRwJ7toi2uDgM,2021-03-22,,,1.91,,5.37,4.36,8.16,4.79,6.03,6.3,1.79,2.15,1.1,0.91,1.98,2.62,7
81,GB,United Kingdom,Portsmouth,GB-POR,,,ChIJ5yrWSmhddEgRwJ7toi2uDgM,2021-03-23,,,1.87,,4.72,4.41,8.16,3.91,5.96,5.01,1.35,2.18,1.38,1.04,1.85,3.18,13
82,GB,United Kingdom,Portsmouth,GB-POR,,,ChIJ5yrWSmhddEgRwJ7toi2uDgM,2021-03-24,,,1.82,,4.79,4.41,7.8,4.48,5.41,4.64,1.48,2.59,0.5,1.27,1.72,3.26,11
83,GB,United Kingdom,Portsmouth,GB-POR,,,ChIJ5yrWSmhddEgRwJ7toi2uDgM,2021-03-25,,,1.88,,4.46,4.37,7.38,4.99,5.25,5.13,2.06,2.42,1.0,1.04,1.95,3.21,15
84,GB,United Kingdom,Portsmouth,GB-POR,,,ChIJ5yrWSmhddEgRwJ7toi2uDgM,2021-03-26,,,1.98,,4.66,4.1,7.37,4.15,5.64,5.59,1.42,2.59,1.2,1.22,2.12,2.83,13
85,GB,United Kingdom,Portsmouth,GB-POR,,,ChIJ5yrWSmhddEgRwJ7toi2uDgM,2021-03-27,,,2.39,,4.31,4.21,6.81,4.24,5.04,4.94,1.48,2.34,0.78,1.04,1.51,2.91,13
86,GB,United Kingdom,Portsmouth,GB-POR,,,ChIJ5yrWSmhddEgRwJ7toi2uDgM,2021-03-28,,,2.14,,4.58,5.0,6.67,3.58,5.23,4.94,1.57,1.96,0.72,1.16,2.6,3.66,8
87,GB,United Kingdom,Portsmouth,GB-POR,,,ChIJ5yrWSmhddEgRwJ7toi2uDgM,2021-03-29,,,2.31,,4.49,4.77,6.95,3.88,5.43,4.84,1.77,2.59,1.27,1.01,1.9,3.09,3
88,GB,United Kingdom,Portsmouth,GB-POR,,,ChIJ5yrWSmhddEgRwJ7toi2uDgM,2021-03-30,,,1.71,,5.33,4.37,6.75,4.48,6.26,6.03,1.45,1.97,0.85,0.83,2.69,2.74,2
89,GB,United Kingdom,Portsmouth,GB-POR,,,ChIJ5yrWSmhddEgRwJ7toi2uDgM,2021-03-31,,,1.81,,4.98,4.66,7.31,4.73,5.33,4.86,1.54,2.83,1.11,1.26,1.76,2.88,12
90,GB,United Kingdom,Portsmouth,GB-POR,,,ChIJ5yrWSmhddEgRwJ7toi2uDgM,2021-04-01,,,1.4,,4.69,3.83,6.27,3.99,4.14,4.4,1.63,2.8,0.8,1.01,1.74,3.42,4
91,GB,United Kingdom,Portsmouth,GB-POR,,,ChIJ5yrWSmhddEgRwJ7toi2uDgM,2021-04-02,,,1.82,,3.78,5.06,6.12,3.38,5.86,4.67,2.19,2.1,0.68,0.82,1.96,3.5,5
92,GB,United Kingdom,Portsmouth,GB-POR,,,ChIJ5yrWSmhddEgRwJ7toi2uDgM,2021-04-03,,,1.75,,3.69,4.42,6.57,3.05,5.82,6.08,1.69,2.5,1.1,0.61,2.09,3.58,4
93,GB,United Kingdom,Portsmouth,GB-POR,,,ChIJ5yrWSmhddEgRwJ7toi2uDgM,2021-04-04,,,2.02,,5.12,4.17,6.19,2.98,6.01,5.89,1.82,2.47,,0.77,2.47,3.1,3
94,GB,United Kingdom,Portsmouth,GB-POR,,,ChIJ5yrWSmhddEgRwJ7toi2uDgM,2021-04-05,,,1.66,,5.02,4.35,7.83,3.46,4.99,4.67,1.91,3.06,0.86,1.05,2.01,3.35,2
95,GB,United Kingdom,Portsmouth,GB-POR,,,ChIJ5yrWSmhddEgRwJ7toi2uDgM,2021-04-06,,,2.03,,5.59,4.3,7.88,4.5,5.67,5.21,1.78,2.36,0.79,0.84,2.26,3.31,9
96,GB,United Kingdom,Portsmouth,GB-POR,,,ChIJ5yrWSmhddEgRwJ7toi2uDgM,2021-04-07,,,2.0,,4.73,3.98,7.91,3.48,5.98,6.08,1.82,2.18,0.94,1.12,2.24,2.63,4
97,GB,United Kingdom,Portsmouth,GB-POR,,,ChIJ5yrWSmhddEgRwJ7toi2uDgM,2021-04-08,,,2.23,,5.09,4.14,6.71,3.72,6.63,6.08,1.89,2.04,0.76,0.94,1.7,3.02,6
98,GB,United Kingdom,Portsmouth,GB-POR,,,ChIJ5yrWSmhddEgRwJ7toi2uDgM,2021-04-09,,,1.87,,3.98,4.14,7.1,3.91,5.83,5.78,2.24,2.14,0.79,0.63,1.9,3.27,8
99,GB,United Kingdom,Portsmouth,GB-POR,,,ChIJ5yrWSmhddEgRwJ7toi2uDgM,2021-04-10,,,2.16,,4.89,4.14,6.54,3.15,6.6,6.44,2.22,2.72,0.94,0.83,1.55,2.83,3
100,GB,United Kingdom,Portsmouth,GB-POR,,,ChIJ5yrWSmhddEgRwJ7toi2uDgM,2021-04-11,,,1.85,,5.02,4.86,6.43,3.12,4.75,5.35,1.22,2.31,,0.76,1.98,3.34,8
101,GB,United Kingdom,Portsmouth,GB-POR,,,ChIJ5yrWSmhddEgRwJ7toi2uDgM,2021-04-12,,,2.13,,4.76,4.53,6.17,2.94,6.12,6.07,1.95,3.12,0.99,1.17,2.19,3.67,6
102,GB,United Kingdom,Portsmouth,GB-POR,,,ChIJ5yrWSmhddEgRwJ7toi2uDgM,2021-04-13,,,2.12,,4.46,3.91,7.97,2.99,6.48,6.32,1.65,2.81,1.21,1.28,2.1,3.2,2
103,GB,United Kingdom,Portsmouth,GB-POR,,,ChIJ5yrWSmhddEgRwJ7toi2uDgM,2021-04-14,,,1.66,,4.25,4.51,8.13,3.33,6.31,6.42,1.79,2.72,1.16,1.32,1.08,3.27,4
104,GB,United Kingdom,Portsmouth,GB-POR,,,ChIJ5yrWSmhddEgRwJ7toi2uDgM,2021-04-15,,,2.31,,4.89,4.23,8.16,4.65,6.27,5.69,1.7,2.92,0.98,1.04,1.86,3.8,6
105,GB,United Kingdom,Portsmouth,GB-POR,,,ChIJ5yrWSmhddEgRwJ7toi2uDgM,2021-04-16,,,2.35,,3.93,4.32,7.24,4.37,5.71,5.08,1.37,2.46,0.93,0.66,1.61,3.03,2
106,GB,United Kingdom,Portsmouth,GB-POR,,,ChIJ5yrWSmhddEgRwJ7toi2uDgM,2021-04-17,,,1.86,,3.21,4.66,6.27,3.23,5.51,5.36,1.43,2.42,0.79,0.96,1.54,3.32,4
107,GB,United Kingdom,Portsmouth,GB-POR,,,ChIJ5yrWSmhddEgRwJ7toi2uDgM,2021-04-18,,,1.75,,4.79,4.55,7.26,2.6,6.05,5.67,1.89,2.71,0.69,0.8,2.14,4.49,6
108,GB,United Kingdom,Portsmouth,GB-POR,,,ChIJ5yrWSmhddEgRwJ7toi2uDgM,2021-04-19,,,1.84,,4.53,4.53,7.2,3.34,5.64,5.99,1.84,2.38,0.66,1.34,2.43,3.26,12
109,GB,United Kingdom,Portsmouth,GB-POR,,,ChIJ5yrWSmhddEgRwJ7toi2uDgM,2021-04-20,,,2.25,,4.51,4.61,7.54,3.15,6.26,5.81,1.08,2.1,1.0,1.23,1.68,3.2,1
110,GB,United Kingdom,Portsmouth,GB-POR,,,ChIJ5yrWSmhddEgRwJ7toi2uDgM,2021-04-21,,,1.39,,4.92,4.45,7.85,3.33,5.37,5.79,1.27,2.39,0.97,1.37,1.91,3.23,2
111,GB,United Kingdom,Portsmouth,GB-POR,,,ChIJ5yrWSmhddEgRwJ7toi2uDgM,2021-04-22,,,1.36,,4.78,4.15,6.54,3.4,4.96,4.93,1.44,1.94,0.88,0.83,1.76,3.27,5
112,GB,United Kingdom,Portsmouth,GB-POR,,,ChIJ5yrWSmhddEgRwJ7toi2uDgM,2021-04-23,,,1.8,,4.09,3.81,7.75,4.17,4.66,5.41,1.67,2.14,1.03,0.85,1.91,3.45,1
113,GB,United Kingdom,Portsmouth,GB-POR,,,ChIJ5yrWSmhddEgRwJ7toi2uDgM,2021-04-24,,,1.68,,3.79,4.74,6.16,3.71,5.36,4.79,1.46,2.74,1.2,0.94,1.46,3.85,2
114,GB,United Kingdom,Portsmouth,GB-POR,,,ChIJ5yrWSmhddEgRwJ7toi2uDgM,2021-04-25,,,1.74,,4.3,4.38,6.53,3.73,5.55,4.92,1.71,2.2,0.82,1.22,2.53,4.05,4
115,GB,United Kingdom,Portsmouth,GB-POR,,,ChIJ5yrWSmhddEgRwJ7toi2uDgM,2021-04-26,,,2.1,,4.61,5.22,6.85,4.44,5.12,5.2,1.66,2.32,0.93,1.05,2.32,3.9,4
116,GB,United Kingdom,Portsmouth,GB-POR,,,ChIJ5yrWSmhddEgRwJ7toi2uDgM,2021-04-27,,,1.78,,4.62,4.54,7.94,4.13,5.28,5.4,1.42,2.27,0.64,1.07,1.81,3.37,8
117,GB,United Kingdom,Portsmouth,GB-POR,,,ChIJ5yrWSmhddEgRwJ7toi2uDgM,2021-04-28,,,1.86,,4.54,4.73,7.55,3.39,4.78,5.14,1.72,2.1,0.67,1.34,1.96,3.13,0
118,GB,United Kingdom,Portsmouth,GB-POR,,,ChIJ5yrWSmhddEgRwJ7toi2uDgM,2021-04-29,,,1.9,,4.61,5.03,7.32,3.59,4.93,5.1,1.37,2.42,0.81,1.0,2.59,3.22,4
119,GB,United Kingdom,Portsmouth,GB-POR,,,ChIJ5yrWSmhddEgRwJ7toi2uDgM,2021-04-30,,,1.88,,5.27,3.69,6.49,3.24,4.65,4.46,1.56,2.1,0.67,0.89,1.81,3.24,1
120,GB,United Kingdom,Portsmouth,GB-POR,,,ChIJ5yrWSmhddEgRwJ7toi2uDgM,2021-05-01,,,2.3,,4.58,3.88,5.92,3.35,5.6,5.2,1.02,2.38,0.83,0.67,2.06,3.16,3
121,GB,United Kingdom,Portsmouth,GB-POR,,,ChIJ5yrWSmhddEgRwJ7toi2uDgM,2021-05-02,,,1.58,,4.78,4.7,6.33,3.72,4.84,5.11,1.69,2.12,1.25,0.95,1.52,3.45,2
122,GB,United Kingdom,Portsmouth,GB-POR,,,ChIJ5yrWSmhddEgRwJ7toi2uDgM,2021-05-03,,,1.62,,5.22,4.6,7.5,3.77,4.72,4.35,1.45,2.22,0.8,0.95,1.67,3.05,14
123,GB,United Kingdom,Portsmouth,GB-POR,,,ChIJ5yrWSmhddEgRwJ7toi2uDgM,2021-05-04,,,1.9,,4.84,4.54,8.03,4.11,4.08,5.11,1.21,3.02,0.64,1.45,2.52,3.59,4
124,GB,United Kingdom,Portsmouth,GB-POR,,,ChIJ5yrWSmhddEgRwJ7toi2uDgM,2021-05-05,,,2.07,,4.96,4.55,7.29,4.31,5.15,5.22,2.1,2.72,1.0,1.22,2.62,3.6,0
125,GB,United Kingdom,Portsmouth,GB-POR,,,ChIJ5yrWSmhddEgRwJ7toi2uDgM,2021-05-06,,,1.86,,4.35,4.8,7.61,4.15,6.06,6.35,1.45,2.46,0.77,0.65,2.32,3.5,0
126,GB,United Kingdom,Portsmouth,GB-POR,,,ChIJ5yrWSmhddEgRwJ7toi2uDgM,2021-05-07,,,2.19,,4.74,5.42,6.25,3.2,5.37,4.18,1.69,2.27,0.86,1.18,3.05,3.45,3
127,GB,United Kingdom,Portsmouth,GB-POR,,,ChIJ5yrWSmhddEgRwJ7toi2uDgM,2021-05-08,,,1.83,,4.51,4.28,7.08,3.63,5.95,5.28,1.36,2.06,0.77,0.67,2.5,3.09,3
128,GB,United Kingdom,Portsmouth,GB-POR,,,ChIJ5yrWSmhddEgRwJ7toi2uDgM,2021-05-09,,,2.78,,4.62,4.59,7.97,3.4,5.19,4.78,1.56,2.7,0.65,0.68,1.95,4.49,3
129,GB,United Kingdom,Portsmouth,GB-POR,,,ChIJ5yrWSmhddEgRwJ7toi2uDgM,2021-05-10,,,2.5,,4.93,5.5,8.03,3.82,5.05,5.67,1.58,2.1,0.78,1.42,2.41,3.33,5
130,GB,United Kingdom,Portsmouth,GB-POR,,,ChIJ5yrWSmhddEgRwJ7toi2uDgM,2021-05-11,,,2.11,,4.53,5.41,7.57,3.19,5.63,5.77,1.39,2.73,0.81,1.41,2.54,3.42,3
131,GB,United Kingdom,Portsmouth,GB-POR,,,ChIJ5yrWSmhddEgRwJ7toi2uDgM,2021-05-12,,,2.41,,4.82,4.79,8.27,4.01,5.47,4.82,1.36,2.85,1.19,0.71,3.09,3.33,5
132,GB,United Kingdom,Portsmouth,GB-POR,,,ChIJ5yrWSmhddEgRwJ7toi2uDgM,2021-05-13,,,1.78,,5.76,4.88,8.23,3.78,5.86,6.52,1.12,2.32,0.88,0.95,2.39,3.34,13
133,GB,United Kingdom,Portsmouth,GB-POR,,,ChIJ5yrWSmhddEgRwJ7toi2uDgM,2021-05-14,,,1.31,,5.19,4.21,6.6,3.35,5.5,5.37,1.56,2.29,1.59,0.86,2.17,2.5,7
134,GB,United Kingdom,Portsmouth,GB-POR,,,ChIJ5yrWSmhddEgRwJ7toi2uDgM,2021-05-15,,,2.23,,5.29,3.94,7.13,3.38,5.8,5.37,1.7,2.45,0.61,1.09,2.74,3.11,6
135,GB,United Kingdom,Portsmouth,GB-POR,,,ChIJ5yrWSmhddEgRwJ7toi2uDgM,2021-05-16,,,2.01,,4.63,4.96,7.4,4.3,5.19,5.47,1.75,2.8,,1.32,2.47,3.82,11
136,GB,United Kingdom,Portsmouth,GB-POR,,,ChIJ5yrWSmhddEgRwJ7toi2uDgM,2021-05-17,,,2.66,,4.96,4.15,8.11,4.41,4.92,5.28,1.56,2.3,2.06,1.32,2.45,3.72,10
137,GB,United Kingdom,Portsmouth,GB-POR,,,ChIJ5yrWSmhddEgRwJ7toi2uDgM,2021-05-18,,,2.92,,5.55,4.17,7.0,4.32,5.84,5.19,1.45,2.49,1.38,1.47,3.16,3.6,13
138,GB,United Kingdom,Portsmouth,GB-POR,,,ChIJ5yrWSmhddEgRwJ7toi2uDgM,2021-05-19,,,1.98,,4.88,4.68,8.25,4.03,5.82,5.99,1.52,2.39,1.47,1.4,2.73,3.4,14
139,GB,United Kingdom,Portsmouth,GB-POR,,,ChIJ5yrWSmhddEgRwJ7toi2uDgM,2021-05-20,,,1.91,,5.62,4.8,7.62,4.32,5.28,5.28,1.59,2.73,0.68,1.62,2.73,3.57,6
140,GB,United Kingdom,Portsmouth,GB-POR,,,ChIJ5yrWSmhddEgRwJ7toi2uDgM,2021-05-21,,,1.57,,4.83,4.33,6.77,3.28,4.73,4.7,1.72,2.31,1.57,0.94,2.39,2.76,7
141,GB,United Kingdom,Portsmouth,GB-POR,,,ChIJ5yrWSmhddEgRwJ7toi2uDgM,2021-05-22,,,1.93,,5.98,4.32,6.96,3.37,5.66,4.68,1.74,2.17,0.71,1.36,2.45,3.94,8
142,GB,United Kingdom,Portsmouth,GB-POR,,,ChIJ5yrWSmhddEgRwJ7toi2uDgM,2021-05-23,,,1.92,,5.84,5.08,6.07,4.2,5.73,4.77,1.53,2.9,1.19,0.7,2.57,3.5,2
143,GB,United Kingdom,Portsmouth,GB-POR,,,ChIJ5yrWSmhddEgRwJ7toi2uDgM,2021-05-24,,,1.69,,6.29,4.97,7.16,4.03,5.07,5.21,1.54,2.29,3.33,1.11,2.7,3.67,19
144,GB,United Kingdom,Portsmouth,GB-POR,,,ChIJ5yrWSmhddEgRwJ7toi2uDgM,2021-05-25,,,2.31,,6.36,5.15,8.31,4.08,5.17,5.54,1.8,2.75,1.51,1.34,3.35,4.4,10
145,GB,United Kingdom,Portsmouth,GB-POR,,,ChIJ5yrWSmhddEgRwJ7toi2uDgM,2021-05-26,,,1.94,,5.97,5.33,7.76,4.86,5.63,5.63,1.99,2.31,0.88,1.25,2.75,4.03,6
146,GB,United Kingdom,Portsmouth,GB-POR,,,ChIJ5yrWSmhddEgRwJ7toi2uDgM,2021-05-27,,,1.87,,5.67,4.26,7.08,5.18,5.57,5.65,1.8,2.44,0.8,1.1,2.85,3.36,11
147,GB,United Kingdom,Portsmouth,GB-POR,,,ChIJ5yrWSmhddEgRwJ7toi2uDgM,2021-05-28,,,1.55,,6.88,4.02,6.8,4.67,5.67,5.57,1.89,2.34,1.21,0.94,2.84,3.12,10
148,GB,United Kingdom,Portsmouth,GB-POR,,,ChIJ5yrWSmhddEgRwJ7toi2uDgM,2021-05-29,,,1.91,,5.62,5.33,6.3,3.68,4.65,3.86,2.03,2.21,0.88,0.62,2.92,3.8,5
149,GB,United Kingdom,Portsmouth,GB-POR,,,ChIJ5yrWSmhddEgRwJ7toi2uDgM,2021-05-30,,,1.92,,6.06,4.92,6.6,4.47,4.8,3.69,1.44,2.37,0.99,0.63,2.73,2.76,7
150,GB,United Kingdom,Portsmouth,GB-POR,,,ChIJ5yrWSmhddEgRwJ7toi2uDgM,2021-05-31,,,1.76,,6.77,5.32,6.32,4.73,5.72,5.01,1.76,2.89,0.85,0.99,3.06,3.2,8
151,GB,United Kingdom,Portsmouth,GB-POR,,,ChIJ5yrWSmhddEgRwJ7toi2uDgM,2021-06-01,,,1.48,,6.17,4.66,6.48,5.34,4.84,5.1,1.64,2.24,,1.12,2.63,3.28,9
152,GB,United Kingdom,Portsmouth,GB-POR,,,ChIJ5yrWSmhddEgRwJ7toi2uDgM,2021-06-02,,,1.51,,6.66,5.42,6.81,4.87,4.74,4.32,1.74,2.65,1.36,1.21,3.03,4.06,4
153,GB,United Kingdom,Portsmouth,GB-POR,,,ChIJ5yrWSmhddEgRwJ7toi2uDgM,2021-06-03,,,1.75,,6.75,4.11,7.04,4.03,5.29,4.7,1.64,2.18,2.06,1.21,2.29,3.57,4
154,GB,United Kingdom,Portsmouth,GB-POR,,,ChIJ5yrWSmhddEgRwJ7toi2uDgM,2021-06-04,,,1.9,,6.54,4.77,7.24,3.49,5.11,5.08,1.36,2.18,2.36,1.1,2.18,3.65,8
155,GB,United Kingdom,Portsmouth,GB-POR,,,ChIJ5yrWSmhddEgRwJ7toi2uDgM,2021-06-05,,,1.58,,4.91,4.79,5.51,5.21,5.06,4.32,2.2,2.26,1.67,0.77,2.77,3.33,9
156,GB,United Kingdom,Portsmouth,GB-POR,,,ChIJ5yrWSmhddEgRwJ7toi2uDgM,2021-06-06,,,1.94,,6.18,5.38,7.43,4.86,5.57,5.17,2.17,2.49,1.19,1.22,3.13,4.27,12
157,GB,United Kingdom,Portsmouth,GB-POR,,,ChIJ5yrWSmhddEgRwJ7toi2uDgM,2021-06-07,,,1.8,,6.31,5.97,7.15,4.69,6.09,5.97,1.46,2.32,1.28,0.81,2.86,3.5,12
158,GB,United Kingdom,Portsmouth,GB-POR,,,ChIJ5yrWSmhddEgRwJ7toi2uDgM,2021-06-08,,,1.68,,4.94,4.5,7.25,5.06,5.01,5.6,1.91,2.16,0.89,0.97,2.98,3.59,8
159,GB,United Kingdom,Portsmouth,GB-POR,,,ChIJ5yrWSmhddEgRwJ7toi2uDgM,2021-06-09,,,0.98,,5.63,5.5,7.25,4.39,4.96,5.06,1.78,2.25,1.29,0.88,3.07,3.54,8
160,GB,United Kingdom,Portsmouth,GB-POR,,,ChIJ5yrWSmhddEgRwJ7toi2uDgM,2021-06-10,,,2.02,,5.81,4.67,7.83,4.64,4.95,5.23,1.86,2.42,0.94,1.15,2.45,3.49,11
161,GB,United Kingdom,Portsmouth,GB-POR,,,ChIJ5yrWSmhddEgRwJ7toi2uDgM,2021-06-11,,,2.15,,5.86,5.2,6.49,4.86,4.65,4.91,1.78,2.23,1.52,0.87,2.21,2.65,14
162,GB,United Kingdom,Portsmouth,GB-POR,,,ChIJ5yrWSmhddEgRwJ7toi2uDgM,2021-06-12,,,1.64,,4.96,4.63,6.1,4.63,4.08,4.78,2.46,2.26,0.88,0.62,2.14,4.02,15
163,GB,United Kingdom,Portsmouth,GB-POR,,,ChIJ5yrWSmhddEgRwJ7toi2uDgM,2021-06-13,,,1.77,,5.59,5.18,5.53,5.18,4.46,3.79,1.42,1.82,,0.98,2.37,3.47,9
164,GB,United Kingdom,Portsmouth,GB-POR,,,ChIJ5yrWSmhddEgRwJ7toi2uDgM,2021-06-14,,,2.19,,5.22,5.25,6.16,6.06,4.43,4.38,2.37,2.06,1.91,0.94,2.32,3.21,26
165,GB,United Kingdom,Portsmouth,GB-POR,,,ChIJ5yrWSmhddEgRwJ7toi2uDgM,2021-06-15,,,1.67,,5.62,5.39,6.93,5.59,4.67,4.8,2.33,2.36,1.08,1.0,2.59,3.57,28
166,GB,United Kingdom,Portsmouth,GB-POR,,,ChIJ5yrWSmhddEgRwJ7toi2uDgM,2021-06-16,,,1.36,,6.78,5.41,7.6,5.59,5.0,4.48,1.88,2.4,1.08,1.29,2.47,3.73,46
167,GB,United Kingdom,Portsmouth,GB-POR,,,ChIJ5yrWSmhddEgRwJ7toi2uDgM,2021-06-17,,,2.11,,5.81,5.05,7.79,5.56,5.43,4.97,1.45,2.64,1.09,1.22,1.98,3.81,44
168,GB,United Kingdom,Portsmouth,GB-POR,,,ChIJ5yrWSmhddEgRwJ7toi2uDgM,2021-06-18,,,1.71,,5.62,4.58,5.9,3.47,4.06,4.09,1.22,2.36,1.29,1.48,2.07,3.11,36
169,GB,United Kingdom,Portsmouth,GB-POR,,,ChIJ5yrWSmhddEgRwJ7toi2uDgM,2021-06-19,,,1.97,,5.73,4.89,6.6,4.31,4.43,4.57,1.42,1.85,1.07,0.69,2.0,3.56,29
170,GB,United Kingdom,Portsmouth,GB-POR,,,ChIJ5yrWSmhddEgRwJ7toi2uDgM,2021-06-20,,,1.69,,6.3,4.72,7.02,5.38,4.52,4.47,1.95,2.98,0.74,0.77,2.12,4.61,30
171,GB,United Kingdom,Portsmouth,GB-POR,,,ChIJ5yrWSmhddEgRwJ7toi2uDgM,2021-06-21,,,2.33,,7.6,5.44,6.5,5.37,5.82,4.82,1.53,2.46,1.35,1.38,3.01,4.11,42
172,GB,United Kingdom,Portsmouth,GB-POR,,,ChIJ5yrWSmhddEgRwJ7toi2uDgM,2021-06-22,,,2.45,,6.35,5.59,7.37,5.31,5.87,5.43,1.89,2.55,1.02,0.99,2.98,4.21,48
173,GB,United Kingdom,Portsmouth,GB-POR,,,ChIJ5yrWSmhddEgRwJ7toi2uDgM,2021-06-23,,,1.96,,6.83,4.18,7.4,5.18,4.92,4.81,1.99,2.96,0.81,1.07,2.38,3.48,49
174,GB,United Kingdom,Portsmouth,GB-POR,,,ChIJ5yrWSmhddEgRwJ7toi2uDgM,2021-06-24,,,1.89,,6.21,4.5,6.75,5.17,4.84,4.84,2.2,2.41,0.65,1.4,2.28,3.44,40
175,GB,United Kingdom,Portsmouth,GB-POR,,,ChIJ5yrWSmhddEgRwJ7toi2uDgM,2021-06-25,,,1.53,,5.44,5.55,7.66,5.33,4.85,5.33,1.88,2.76,1.31,0.96,2.97,4.13,55
176,GB,United Kingdom,Portsmouth,GB-POR,,,ChIJ5yrWSmhddEgRwJ7toi2uDgM,2021-06-26,,,1.8,,5.29,5.11,6.37,4.18,5.05,4.27,1.98,3.21,0.75,,1.86,4.69,52
177,GB,United Kingdom,Portsmouth,GB-POR,,,ChIJ5yrWSmhddEgRwJ7toi2uDgM,2021-06-27,,,2.48,,5.62,5.45,7.31,5.1,5.67,5.29,2.54,2.83,1.39,1.34,2.75,4.2,33
178,GB,United Kingdom,Portsmouth,GB-POR,,,ChIJ5yrWSmhddEgRwJ7toi2uDgM,2021-06-28,,,2.22,,6.11,5.3,6.69,5.05,5.71,5.6,2.32,2.7,0.88,1.14,2.52,3.76,75
179,GB,United Kingdom,Portsmouth,GB-POR,,,ChIJ5yrWSmhddEgRwJ7toi2uDgM,2021-06-29,,,1.69,,6.18,5.59,8.15,5.38,4.82,4.61,1.74,2.36,1.21,0.72,3.05,3.1,75
180,GB,United Kingdom,Portsmouth,GB-POR,,,ChIJ5yrWSmhddEgRwJ7toi2uDgM,2021-06-30,,,1.72,,5.89,4.61,8.03,5.03,5.24,5.14,1.59,2.76,1.09,1.25,2.37,3.78,61
181,GB,United Kingdom,Portsmouth,GB-POR,,,ChIJ5yrWSmhddEgRwJ7toi2uDgM,2021-07-01,,,1.72,,5.3,4.87,7.58,5.54,4.45,5.27,2.17,2.62,0.85,0.85,2.12,2.94,74
182,GB,United Kingdom,Portsmouth,GB-POR,,,ChIJ5yrWSmhddEgRwJ7toi2uDgM,2021-07-02,,,1.7,,6.57,5.28,6.62,4.06,5.22,5.06,1.86,2.85,0.94,1.16,2.1,3.61,58
183,GB,United Kingdom,Portsmouth,GB-POR,,,ChIJ5yrWSmhddEgRwJ7toi2uDgM,2021-07-03,,,1.95,,5.25,5.57,6.21,4.72,5.48,4.92,1.6,2.54,,0.84,2.45,3.61,48
184,GB,United Kingdom,Portsmouth,GB-POR,,,ChIJ5yrWSmhddEgRwJ7toi2uDgM,2021-07-04,,,1.68,,5.53,5.92,7.97,5.47,5.67,5.05,1.68,2.36,0.95,1.18,2.98,3.93,44
185,GB,United Kingdom,Portsmouth,GB-POR,,,ChIJ5yrWSmhddEgRwJ7toi2uDgM,2021-07-05,,,2.09,,5.86,5.81,7.08,4.23,5.3,5.58,1.99,2.78,1.55,0.94,2.62,4.25,82
186,GB,United Kingdom,Portsmouth,GB-POR,,,ChIJ5yrWSmhddEgRwJ7toi2uDgM,2021-07-06,,,1.86,,5.27,5.34,7.43,5.37,4.76,5.14,1.35,2.47,0.71,1.12,2.9,3.36,82
187,GB,United Kingdom,Portsmouth,GB-POR,,,ChIJ5yrWSmhddEgRwJ7toi2uDgM,2021-07-07,,,2.5,,4.99,5.12,7.3,4.75,4.54,5.2,1.66,2.1,1.37,0.81,2.29,3.62,109
188,GB,United Kingdom,Portsmouth,GB-POR,,,ChIJ5yrWSmhddEgRwJ7toi2uDgM,2021-07-08,,,2.15,,5.29,4.85,6.92,4.77,5.16,4.69,1.94,2.52,0.84,1.05,2.12,3.93,91
189,GB,United Kingdom,Portsmouth,GB-POR,,,ChIJ5yrWSmhddEgRwJ7toi2uDgM,2021-07-09,,,1.95,,5.53,4.18,7.02,4.59,4.21,4.59,1.87,2.48,1.1,0.96,2.31,3.6,88
190,GB,United Kingdom,Portsmouth,GB-POR,,,ChIJ5yrWSmhddEgRwJ7toi2uDgM,2021-07-10,,,1.92,,6.27,5.13,6.68,4.02,5.71,5.31,2.45,2.89,0.96,0.9,2.54,4.05,66
191,GB,United Kingdom,Portsmouth,GB-POR,,,ChIJ5yrWSmhddEgRwJ7toi2uDgM,2021-07-11,,,1.93,,4.87,5.14,5.68,5.2,5.29,4.96,1.57,3.12,0.98,0.68,2.88,4.07,95
192,GB,United Kingdom,Portsmouth,GB-POR,,,ChIJ5yrWSmhddEgRwJ7toi2uDgM,2021-07-12,,,2.09,,6.08,5.82,8.07,5.18,5.8,4.9,2.06,2.78,0.9,1.5,2.94,3.94,137
193,GB,United Kingdom,Portsmouth,GB-POR,,,ChIJ5yrWSmhddEgRwJ7toi2uDgM,2021-07-13,,,2.38,,6.92,5.67,7.45,5.28,5.78,5.64,2.09,2.69,1.2,1.07,2.69,3.84,148
194,GB,United Kingdom,Portsmouth,GB-POR,,,ChIJ5yrWSmhddEgRwJ7toi2uDgM,2021-07-14,,,2.19,,6.14,4.38,8.54,5.31,5.37,5.93,1.84,2.56,1.15,0.85,3.07,3.84,178
195,GB,United Kingdom,Portsmouth,GB-POR,,,ChIJ5yrWSmhddEgRwJ7toi2uDgM,2021-07-15,,,1.77,,6.13,5.05,7.33,5.05,5.0,4.81,2.15,2.2,1.32,0.7,2.66,4.0,198
196,GB,United Kingdom,Portsmouth,GB-POR,,,ChIJ5yrWSmhddEgRwJ7toi2uDgM,2021-07-16,,,1.51,,6.4,6.54,6.87,4.83,4.22,3.99,2.12,2.29,,0.75,2.79,6.09,190
197,GB,United Kingdom,Portsmouth,GB-POR,,,ChIJ5yrWSmhddEgRwJ7toi2uDgM,2021-07-17,,,1.66,,5.79,6.14,5.98,5.79,5.83,4.7,1.82,2.19,1.38,1.31,2.79,7.77,140
198,GB,United Kingdom,Portsmouth,GB-POR,,,ChIJ5yrWSmhddEgRwJ7toi2uDgM,2021-07-18,,,1.66,,5.89,6.53,5.87,5.65,4.57,4.5,1.78,1.94,1.09,1.03,2.72,5.35,133
199,GB,United Kingdom,Portsmouth,GB-POR,,,ChIJ5yrWSmhddEgRwJ7toi2uDgM,2021-07-19,,,2.07,,6.01,6.89,5.77,6.14,4.47,4.95,1.49,2.07,0.88,0.9,2.29,5.16,195
200,GB,United Kingdom,Portsmouth,GB-POR,,,ChIJ5yrWSmhddEgRwJ7toi2uDgM,2021-07-20,,,1.88,,5.3,7.78,6.35,5.33,4.98,4.76,1.37,2.4,0.92,0.65,2.69,5.95,121
201,GB,United Kingdom,Portsmouth,GB-POR,,,ChIJ5yrWSmhddEgRwJ7toi2uDgM,2021-07-21,,,1.81,,4.72,6.42,6.42,5.13,4.51,4.43,1.3,1.97,1.05,1.0,2.46,4.05,131
202,GB,United Kingdom,Portsmouth,GB-POR,,,ChIJ5yrWSmhddEgRwJ7toi2uDgM,2021-07-22,,,1.87,,5.64,5.94,5.53,4.55,4.47,4.75,1.49,2.39,1.11,0.9,3.39,4.69,135
203,GB,United Kingdom,Portsmouth,GB-POR,,,ChIJ5yrWSmhddEgRwJ7toi2uDgM,2021-07-23,,,1.83,,4.61,6.3,6.19,4.19,4.63,4.16,1.42,2.39,1.11,1.08,2.05,4.8,98
204,GB,United Kingdom,Portsmouth,GB-POR,,,ChIJ5yrWSmhddEgRwJ7toi2uDgM,2021-07-24,,,1.13,,5.46,6.05,6.68,4.33,5.19,4.06,1.31,2.03,1.22,0.72,2.89,4.53,88
205,GB,United Kingdom,Portsmouth,GB-POR,,,ChIJ5yrWSmhddEgRwJ7toi2uDgM,2021-07-25,,,1.94,,4.75,6.72,7.4,5.74,5.03,4.22,1.86,2.81,1.15,1.29,2.33,5.48,64
206,GB,United Kingdom,Portsmouth,GB-POR,,,ChIJ5yrWSmhddEgRwJ7toi2uDgM,2021-07-26,,,1.83,,5.4,6.45,7.44,4.83,4.67,5.16,1.32,3.22,0.86,1.32,2.58,5.13,97
207,GB,United Kingdom,Portsmouth,GB-POR,,,ChIJ5yrWSmhddEgRwJ7toi2uDgM,2021-07-27,,,1.9,,5.54,6.9,6.9,5.3,5.7,5.06,1.95,2.54,1.1,0.99,2.49,4.79,118
208,GB,United Kingdom,Portsmouth,GB-POR,,,ChIJ5yrWSmhddEgRwJ7toi2uDgM,2021-07-28,,,2.06,,6.32,6.48,7.46,5.26,4.85,4.77,1.71,2.79,1.82,0.95,2.87,4.5,100
209,GB,United Kingdom,Portsmouth,GB-POR,,,ChIJ5yrWSmhddEgRwJ7toi2uDgM,2021-07-29,,,1.8,,5.59,6.18,7.48,4.51,5.26,5.1,2.24,3.93,1.16,1.05,2.85,4.88,86
210,GB,United Kingdom,Portsmouth,GB-POR,,,ChIJ5yrWSmhddEgRwJ7toi2uDgM,2021-07-30,,,2.4,,5.53,5.53,6.98,3.94,5.33,5.05,1.73,2.96,0.73,1.2,2.4,4.36,87
211,GB,United Kingdom,Portsmouth,GB-POR,,,ChIJ5yrWSmhddEgRwJ7toi2uDgM,2021-07-31,,,1.47,,4.75,6.13,7.29,4.17,5.82,4.75,1.9,2.36,0.83,,2.18,4.63,90
212,GB,United Kingdom,Portsmouth,GB-POR,,,ChIJ5yrWSmhddEgRwJ7toi2uDgM,2021-08-01,,,1.6,,4.95,6.23,6.79,4.92,5.84,5.46,2.34,2.85,0.83,0.89,2.25,4.6,88
213,GB,United Kingdom,Portsmouth,GB-POR,,,ChIJ5yrWSmhddEgRwJ7toi2uDgM,2021-08-02,,,1.87,,5.54,6.49,7.22,3.96,5.19,5.21,1.47,2.8,1.22,1.0,2.85,4.05,118
214,GB,United Kingdom,Portsmouth,GB-POR,,,ChIJ5yrWSmhddEgRwJ7toi2uDgM,2021-08-03,,,1.77,,5.74,6.38,6.86,4.58,5.23,4.92,1.35,2.73,1.27,0.84,2.36,4.87,114
215,GB,United Kingdom,Portsmouth,GB-POR,,,ChIJ5yrWSmhddEgRwJ7toi2uDgM,2021-08-04,,,2.06,,5.74,6.75,7.63,4.75,5.2,5.65,1.36,2.15,,1.02,3.48,4.27,105
216,GB,United Kingdom,Portsmouth,GB-POR,,,ChIJ5yrWSmhddEgRwJ7toi2uDgM,2021-08-05,,,2.19,,5.7,5.62,7.33,4.71,5.15,4.87,1.69,2.99,1.02,0.86,2.19,4.84,98
217,GB,United Kingdom,Portsmouth,GB-POR,,,ChIJ5yrWSmhddEgRwJ7toi2uDgM,2021-08-06,,,2.42,,5.1,5.82,6.77,3.92,4.58,5.27,1.87,2.85,1.18,1.07,2.71,4.81,109
218,GB,United Kingdom,Portsmouth,GB-POR,,,ChIJ5yrWSmhddEgRwJ7toi2uDgM,2021-08-07,,,1.93,,5.82,6.42,6.9,4.55,5.36,4.49,1.99,3.16,1.36,1.05,3.04,5.03,87
219,GB,United Kingdom,Portsmouth,GB-POR,,,ChIJ5yrWSmhddEgRwJ7toi2uDgM,2021-08-08,,,1.67,,5.65,6.24,7.7,4.34,5.44,4.7,2.08,3.06,1.37,1.07,2.32,5.2,83
220,GB,United Kingdom,Portsmouth,GB-POR,,,ChIJ5yrWSmhddEgRwJ7toi2uDgM,2021-08-09,,,2.13,,5.32,6.11,7.52,4.42,5.92,5.59,1.77,3.33,1.23,1.09,1.94,5.45,103
221,GB,United Kingdom,Portsmouth,GB-POR,,,ChIJ5yrWSmhddEgRwJ7toi2uDgM,2021-08-10,,,1.91,,5.9,6.3,7.87,4.73,5.81,5.73,1.6,2.45,1.37,1.11,2.65,4.1,114
222,GB,United Kingdom,Portsmouth,GB-POR,,,ChIJ5yrWSmhddEgRwJ7toi2uDgM,2021-08-11,,,1.74,,6.17,6.29,7.89,4.8,5.4,5.23,1.71,2.49,1.49,1.17,2.63,3.94,101
223,GB,United Kingdom,Portsmouth,GB-POR,,,ChIJ5yrWSmhddEgRwJ7toi2uDgM,2021-08-12,,,1.89,,6.32,5.49,8.35,4.92,4.72,4.92,1.92,2.63,1.0,0.92,3.54,4.32,125
224,GB,United Kingdom,Portsmouth,GB-POR,,,ChIJ5yrWSmhddEgRwJ7toi2uDgM,2021-08-13,,,1.75,,6.13,5.36,7.17,4.23,4.74,5.0,1.86,2.84,0.65,1.16,2.81,3.82,116
225,GB,United Kingdom,Portsmouth,GB-POR,,,ChIJ5yrWSmhddEgRwJ7toi2uDgM,2021-08-14,,,2.19,,4.8,6.22,7.19,4.9,4.93,4.51,1.55,2.35,1.26,1.16,2.74,4.32,19
226,GB,United Kingdom,Portsmouth,GB-POR,,,ChIJ5yrWSmhddEgRwJ7toi2uDgM,2021-08-15,,,1.82,,6.07,6.74,6.95,5.22,5.71,5.25,1.64,2.0,0.79,1.06,2.88,5.34,
